problem,sampler,param,importance
zcat1,nsgaii,repair,0.4357986987661683
zcat1,nsgaii,power_index,0.1903738079483433
zcat1,nsgaii,initializer,0.06361959544961504
zcat1,nsgaii,uniform_perturb,0.03798718344737375
zcat1,nsgaii,wa_alpha,0.031968760543834726
zcat1,nsgaii,undx_zeta,0.031252577726535447
zcat1,nsgaii,crossover,0.030385155012234565
zcat1,nsgaii,crossover_eta,0.024697585030641313
zcat1,nsgaii,simplex_epsilon,0.021735314993605835
zcat1,nsgaii,crossover_prob,0.02024007948113806
zcat1,nsgaii,mutation,0.020089466136518068
zcat1,nsgaii,fuzzy_d,0.01813386902485457
zcat1,nsgaii,archive_prune_policy,0.013628332121958983
zcat1,nsgaii,blxab_beta,0.011062030864983653
zcat1,nsgaii,blxab_alpha,0.010017030466306994
zcat1,nsgaii,scatter_base_size_factor,0.008196576353771154
zcat1,nsgaii,levy_beta,0.006227207671241226
zcat1,nsgaii,selection,0.003905139209067044
zcat1,nsgaii,mutation_eta,0.003797166617166068
zcat1,nsgaii,pcx_sigma_eta,0.0032870347186080766
zcat1,nsgaii,offspring_ratio,0.0029762406202268306
zcat1,nsgaii,gaussian_sigma,0.0023404450307118073
zcat1,nsgaii,crossover_alpha,0.001647907595666993
zcat1,nsgaii,nonuniform_perturbation,0.0014671031471883945
zcat1,nsgaii,mutation_prob_factor,0.0010320613740019782
zcat1,nsgaii,pcx_sigma_zeta,0.0007775566020716061
zcat1,nsgaii,levy_scale,0.0005939591100483395
zcat1,nsgaii,use_external_archive,0.0005765143285049209
zcat1,nsgaii,laplace_a,0.0004628690354592222
zcat1,nsgaii,selection_size,0.0004335018812576428
zcat1,nsgaii,laplace_b,0.00040833334722043544
zcat1,nsgaii,cauchy_gamma,0.0003672105527206043
zcat1,nsgaii,pop_size,0.0003051113131315812
zcat1,nsgaii,undx_eta,0.00015598894483276454
zcat1,nsgaii,archive_unbounded,5.258553299088796e-05
zcat1,tpe,pop_size,0.2776436823536505
zcat1,tpe,blxab_beta,0.2547151445515247
zcat1,tpe,selection_size,0.1228212830059152
zcat1,tpe,crossover_eta,0.10881886089964532
zcat1,tpe,laplace_a,0.057390624701663125
zcat1,tpe,crossover,0.03722587616680226
zcat1,tpe,blxab_alpha,0.03013157838212887
zcat1,tpe,mutation,0.025198996965253066
zcat1,tpe,pcx_sigma_eta,0.023779330554745823
zcat1,tpe,undx_eta,0.01671220427528622
zcat1,tpe,fuzzy_d,0.01520199366389469
zcat1,tpe,gaussian_sigma,0.004051754402217825
zcat1,tpe,cauchy_gamma,0.003763726616307732
zcat1,tpe,uniform_perturb,0.0037127817033805327
zcat1,tpe,repair,0.003372776090354212
zcat1,tpe,levy_scale,0.0032581721384261557
zcat1,tpe,crossover_prob,0.0015592869266687838
zcat1,tpe,selection,0.0015507391527755034
zcat1,tpe,nonuniform_perturbation,0.0011830683989212973
zcat1,tpe,initializer,0.001155111950093065
zcat1,tpe,simplex_epsilon,0.0011271078158705346
zcat1,tpe,use_external_archive,0.0009920916351636455
zcat1,tpe,wa_alpha,0.0007405278334759941
zcat1,tpe,levy_beta,0.0007062118197646096
zcat1,tpe,archive_unbounded,0.0006241877546180647
zcat1,tpe,undx_zeta,0.0005994064491478702
zcat1,tpe,mutation_eta,0.0003292507782689289
zcat1,tpe,laplace_b,0.0003200623828889085
zcat1,tpe,crossover_alpha,0.00030927605052693093
zcat1,tpe,mutation_prob_factor,0.0002864351521149594
zcat1,tpe,pcx_sigma_zeta,0.00023494948404253165
zcat1,tpe,power_index,0.00016975876145182208
zcat1,tpe,scatter_base_size_factor,0.0001525336245387372
zcat1,tpe,archive_prune_policy,0.00011768125113524108
zcat1,tpe,offspring_ratio,4.35263073367111e-05
zcat10,tpe,uniform_perturb,0.23735553516055835
zcat10,tpe,simplex_epsilon,0.14820084735186104
zcat10,tpe,pop_size,0.1455855600133403
zcat10,tpe,undx_zeta,0.07112098836680537
zcat10,tpe,mutation_prob_factor,0.058901056170031905
zcat10,tpe,crossover,0.058250977530324495
zcat10,tpe,blxab_beta,0.04190257705675185
zcat10,tpe,use_external_archive,0.03631317015561827
zcat10,tpe,archive_prune_policy,0.032738698535125885
zcat10,tpe,laplace_b,0.02949414683575662
zcat10,tpe,power_index,0.025934336776162522
zcat10,tpe,wa_alpha,0.024878430844934105
zcat10,tpe,laplace_a,0.018453210564555803
zcat10,tpe,crossover_alpha,0.01623650744972076
zcat10,tpe,mutation_eta,0.012722654845845132
zcat10,tpe,levy_beta,0.008145494159033291
zcat10,tpe,pcx_sigma_eta,0.008018621115751585
zcat10,tpe,initializer,0.005134519006617898
zcat10,tpe,scatter_base_size_factor,0.004204022223476725
zcat10,tpe,gaussian_sigma,0.003627455059490299
zcat10,tpe,nonuniform_perturbation,0.0031428549727483485
zcat10,tpe,undx_eta,0.002625851253756487
zcat10,tpe,blxab_alpha,0.002606112318605963
zcat10,tpe,repair,0.0014427012949196256
zcat10,tpe,mutation,0.0008095390792530515
zcat10,tpe,pcx_sigma_zeta,0.0005659370523582568
zcat10,tpe,selection,0.0003913327013038747
zcat10,tpe,offspring_ratio,0.0002882721940645072
zcat10,tpe,crossover_prob,0.00020451450676834638
zcat10,tpe,crossover_eta,0.00020314780613747645
zcat10,tpe,cauchy_gamma,0.00014902410081627424
zcat10,tpe,fuzzy_d,0.0001291335260279826
zcat10,tpe,levy_scale,0.0001175154242869372
zcat10,tpe,selection_size,8.248123031164435e-05
zcat10,tpe,archive_unbounded,2.2773316878957397e-05
zcat10,nsgaii,mutation_prob_factor,0.2042568257773049
zcat10,nsgaii,crossover,0.1254193319033055
zcat10,nsgaii,blxab_alpha,0.0982420989768102
zcat10,nsgaii,levy_scale,0.08349215978565104
zcat10,nsgaii,repair,0.07599209968355211
zcat10,nsgaii,selection_size,0.06896905291698291
zcat10,nsgaii,fuzzy_d,0.0356050854356117
zcat10,nsgaii,undx_zeta,0.0352836323219985
zcat10,nsgaii,crossover_eta,0.03191567345359003
zcat10,nsgaii,nonuniform_perturbation,0.029415961110287783
zcat10,nsgaii,laplace_a,0.028799602387308946
zcat10,nsgaii,laplace_b,0.026400297351144113
zcat10,nsgaii,pcx_sigma_eta,0.025234204494312424
zcat10,nsgaii,cauchy_gamma,0.019206072512197164
zcat10,nsgaii,pop_size,0.017900828905378433
zcat10,nsgaii,simplex_epsilon,0.015372236736399687
zcat10,nsgaii,initializer,0.010995833712284105
zcat10,nsgaii,archive_prune_policy,0.008036453420500616
zcat10,nsgaii,crossover_prob,0.00799804319128752
zcat10,nsgaii,offspring_ratio,0.007964234891370115
zcat10,nsgaii,blxab_beta,0.007501901511523018
zcat10,nsgaii,mutation,0.006946825670257872
zcat10,nsgaii,crossover_alpha,0.005380746905540015
zcat10,nsgaii,wa_alpha,0.004965485738307964
zcat10,nsgaii,undx_eta,0.004605223637843256
zcat10,nsgaii,selection,0.004511639889535128
zcat10,nsgaii,pcx_sigma_zeta,0.003422196350794974
zcat10,nsgaii,mutation_eta,0.0021568044269489666
zcat10,nsgaii,power_index,0.001860993723430903
zcat10,nsgaii,uniform_perturb,0.0007772799042133866
zcat10,nsgaii,levy_beta,0.0006358408065618194
zcat10,nsgaii,scatter_base_size_factor,0.000503190348960651
zcat10,nsgaii,use_external_archive,0.0001469695906996543
zcat10,nsgaii,gaussian_sigma,4.452979481259782e-05
zcat10,nsgaii,archive_unbounded,4.0642733291591275e-05
zcat11,qmc,crossover,0.30069480096178014
zcat11,qmc,cauchy_gamma,0.13474711953730475
zcat11,qmc,nonuniform_perturbation,0.1302939356631478
zcat11,qmc,laplace_a,0.12338205477423533
zcat11,qmc,laplace_b,0.0810772046274703
zcat11,qmc,gaussian_sigma,0.058300377111840995
zcat11,qmc,levy_beta,0.0384102563374147
zcat11,qmc,simplex_epsilon,0.03273238643501456
zcat11,qmc,repair,0.02286797914745745
zcat11,qmc,crossover_prob,0.016753563172020595
zcat11,qmc,undx_zeta,0.013957966758514144
zcat11,qmc,blxab_alpha,0.01261345082540492
zcat11,qmc,pcx_sigma_zeta,0.005900563853711275
zcat11,qmc,undx_eta,0.00564121250550469
zcat11,qmc,blxab_beta,0.004525377707178118
zcat11,qmc,crossover_eta,0.004016783415570059
zcat11,qmc,initializer,0.0037815243687872096
zcat11,qmc,selection,0.0030932980390065107
zcat11,qmc,pop_size,0.0017371397816520976
zcat11,qmc,scatter_base_size_factor,0.0010246357695156323
zcat11,qmc,mutation_eta,0.0010190637782064675
zcat11,qmc,levy_scale,0.0010063769796931292
zcat11,qmc,fuzzy_d,0.0008054516908265623
zcat11,qmc,pcx_sigma_eta,0.0005149311603348171
zcat11,qmc,mutation_prob_factor,0.0004043439956600502
zcat11,qmc,wa_alpha,0.0001605499987190472
zcat11,qmc,use_external_archive,0.00010708035471149324
zcat11,qmc,archive_prune_policy,9.512132728995738e-05
zcat11,qmc,crossover_alpha,7.8313437276846e-05
zcat11,qmc,mutation,7.694856001594121e-05
zcat11,qmc,offspring_ratio,7.10402363155296e-05
zcat11,qmc,archive_unbounded,5.6276139893223234e-05
zcat11,qmc,selection_size,3.653899464206298e-05
zcat11,qmc,power_index,1.146678948775823e-05
zcat11,qmc,uniform_perturb,4.86576439592087e-06
zcat11,tpe,archive_unbounded,0.3137747634911393
zcat11,tpe,crossover,0.17789449808239452
zcat11,tpe,fuzzy_d,0.06374214917260117
zcat11,tpe,selection_size,0.03291717380037986
zcat11,tpe,gaussian_sigma,0.0317056766723214
zcat11,tpe,uniform_perturb,0.028052624410837737
zcat11,tpe,mutation,0.02576767787992878
zcat11,tpe,simplex_epsilon,0.0248909267341256
zcat11,tpe,crossover_alpha,0.02413130529595545
zcat11,tpe,pcx_sigma_eta,0.023803004707682537
zcat11,tpe,repair,0.02316120779149615
zcat11,tpe,undx_zeta,0.02253624905496772
zcat11,tpe,initializer,0.02239158439686217
zcat11,tpe,blxab_beta,0.02091789772761055
zcat11,tpe,pop_size,0.020889517081455332
zcat11,tpe,laplace_b,0.019754526311187327
zcat11,tpe,mutation_prob_factor,0.018512928644280495
zcat11,tpe,wa_alpha,0.016364151580571428
zcat11,tpe,pcx_sigma_zeta,0.01622672712780089
zcat11,tpe,offspring_ratio,0.012452247862553452
zcat11,tpe,levy_beta,0.012221546277929346
zcat11,tpe,crossover_eta,0.011777052950663966
zcat11,tpe,blxab_alpha,0.007141096452563896
zcat11,tpe,scatter_base_size_factor,0.005205182799018895
zcat11,tpe,nonuniform_perturbation,0.005077111808261336
zcat11,tpe,mutation_eta,0.004073538217795053
zcat11,tpe,levy_scale,0.0035281300148354644
zcat11,tpe,crossover_prob,0.0029981734743602033
zcat11,tpe,undx_eta,0.002959383239940983
zcat11,tpe,power_index,0.0028894116841821854
zcat11,tpe,cauchy_gamma,0.0008210103372409353
zcat11,tpe,selection,0.0004295706267502081
zcat11,tpe,use_external_archive,0.0004163312605320726
zcat11,tpe,archive_prune_policy,0.00039022807877503934
zcat11,tpe,laplace_a,0.00018539495099835813
zcat12,tpe,undx_zeta,0.30813887832909137
zcat12,tpe,mutation_prob_factor,0.24347953075529463
zcat12,tpe,crossover,0.14931300485670596
zcat12,tpe,repair,0.08147517947882604
zcat12,tpe,uniform_perturb,0.059036179164696403
zcat12,tpe,simplex_epsilon,0.05495214982868221
zcat12,tpe,crossover_eta,0.01738953950733951
zcat12,tpe,laplace_a,0.016953594583259648
zcat12,tpe,wa_alpha,0.010402830182707754
zcat12,tpe,laplace_b,0.009355090465624192
zcat12,tpe,crossover_alpha,0.008095139012801384
zcat12,tpe,nonuniform_perturbation,0.0060542430583524305
zcat12,tpe,levy_scale,0.004583423970514945
zcat12,tpe,cauchy_gamma,0.0034269458842619204
zcat12,tpe,selection_size,0.003329887415655809
zcat12,tpe,mutation,0.0029174021247850073
zcat12,tpe,use_external_archive,0.002882664912494936
zcat12,tpe,blxab_alpha,0.002800160526214903
zcat12,tpe,scatter_base_size_factor,0.002678316337677101
zcat12,tpe,undx_eta,0.002554282827161048
zcat12,tpe,fuzzy_d,0.0023283684776219294
zcat12,tpe,levy_beta,0.0015713765304425763
zcat12,tpe,blxab_beta,0.0011947969093749466
zcat12,tpe,pop_size,0.0006552115500654314
zcat12,tpe,pcx_sigma_eta,0.0006518180415624463
zcat12,tpe,archive_unbounded,0.0006400569453352925
zcat12,tpe,selection,0.0006064488416190895
zcat12,tpe,crossover_prob,0.0005252326664288279
zcat12,tpe,archive_prune_policy,0.0005156805529010751
zcat12,tpe,offspring_ratio,0.00047893693572363785
zcat12,tpe,pcx_sigma_zeta,0.0003200504088557442
zcat12,tpe,gaussian_sigma,0.0002698595791685281
zcat12,tpe,mutation_eta,0.00019379127409756096
zcat12,tpe,power_index,0.0001528778596757524
zcat12,tpe,initializer,7.705020497988558e-05
zcat12,gp,nonuniform_perturbation,0.30066526505410374
zcat12,gp,cauchy_gamma,0.12252745492451074
zcat12,gp,repair,0.06984670724494665
zcat12,gp,scatter_base_size_factor,0.06784415981311898
zcat12,gp,levy_beta,0.06488945344954937
zcat12,gp,fuzzy_d,0.03944782174710126
zcat12,gp,selection,0.03847138705975815
zcat12,gp,mutation_prob_factor,0.03766708732537216
zcat12,gp,crossover,0.034016673818489974
zcat12,gp,undx_eta,0.029156443485016566
zcat12,gp,crossover_eta,0.0269106952242886
zcat12,gp,levy_scale,0.022513156149812058
zcat12,gp,use_external_archive,0.02219356783545676
zcat12,gp,blxab_beta,0.0190874348086775
zcat12,gp,mutation_eta,0.018703378236086858
zcat12,gp,simplex_epsilon,0.018671589959025667
zcat12,gp,selection_size,0.014132464692657783
zcat12,gp,uniform_perturb,0.011094793872011587
zcat12,gp,pcx_sigma_eta,0.009226022612413258
zcat12,gp,power_index,0.0072254044636235444
zcat12,gp,pop_size,0.0046298579231998345
zcat12,gp,gaussian_sigma,0.003877285628940675
zcat12,gp,initializer,0.003483694894840371
zcat12,gp,mutation,0.0030931678027407974
zcat12,gp,undx_zeta,0.002001313229397729
zcat12,gp,blxab_alpha,0.0016378578759839299
zcat12,gp,archive_unbounded,0.0015215996149838924
zcat12,gp,offspring_ratio,0.001472697344685812
zcat12,gp,laplace_b,0.0011355718776306634
zcat12,gp,pcx_sigma_zeta,0.0010590261850085506
zcat12,gp,archive_prune_policy,0.0005985477446788273
zcat12,gp,laplace_a,0.0005577590511446317
zcat12,gp,crossover_alpha,0.0003175328105478954
zcat12,gp,wa_alpha,0.00023346673213766635
zcat12,gp,crossover_prob,8.965950805757456e-05
zcat13,qmc,repair,0.26952802169978957
zcat13,qmc,crossover,0.09782032856636662
zcat13,qmc,undx_eta,0.06341826637371571
zcat13,qmc,cauchy_gamma,0.06019520943502446
zcat13,qmc,mutation,0.05878245721808129
zcat13,qmc,laplace_a,0.05469565842026764
zcat13,qmc,blxab_beta,0.052038189587480604
zcat13,qmc,gaussian_sigma,0.05018987593875011
zcat13,qmc,offspring_ratio,0.046137411925208045
zcat13,qmc,levy_scale,0.04045892262378123
zcat13,qmc,mutation_prob_factor,0.028331069684072212
zcat13,qmc,mutation_eta,0.01881832567693879
zcat13,qmc,crossover_alpha,0.018037204659901728
zcat13,qmc,nonuniform_perturbation,0.015694224614798975
zcat13,qmc,selection,0.015237320388433699
zcat13,qmc,pcx_sigma_eta,0.014405642311041782
zcat13,qmc,wa_alpha,0.01401862076288943
zcat13,qmc,pop_size,0.010998295071695401
zcat13,qmc,uniform_perturb,0.008762181473753046
zcat13,qmc,simplex_epsilon,0.00869694463879304
zcat13,qmc,archive_prune_policy,0.0075487162869333725
zcat13,qmc,pcx_sigma_zeta,0.007131760045106331
zcat13,qmc,blxab_alpha,0.006812839469247348
zcat13,qmc,levy_beta,0.005542135274270935
zcat13,qmc,use_external_archive,0.0049479874536516736
zcat13,qmc,crossover_prob,0.00458060254309654
zcat13,qmc,power_index,0.004021386470253206
zcat13,qmc,fuzzy_d,0.003968069250472528
zcat13,qmc,scatter_base_size_factor,0.0035671572592207803
zcat13,qmc,undx_zeta,0.002129202619595738
zcat13,qmc,laplace_b,0.0014318980121441848
zcat13,qmc,initializer,0.0008359893744171818
zcat13,qmc,crossover_eta,0.0006303450033270293
zcat13,qmc,selection_size,0.0004614799450435657
zcat13,qmc,archive_unbounded,0.00012625992243600753
zcat13,nsgaii,laplace_b,0.18773042015031044
zcat13,nsgaii,undx_zeta,0.1480518698402724
zcat13,nsgaii,repair,0.12294774010504449
zcat13,nsgaii,mutation,0.053484450744760145
zcat13,nsgaii,crossover_alpha,0.0528269942948299
zcat13,nsgaii,crossover_prob,0.052300153130815374
zcat13,nsgaii,blxab_alpha,0.04497249207089423
zcat13,nsgaii,blxab_beta,0.03883007624457605
zcat13,nsgaii,uniform_perturb,0.03506492740319688
zcat13,nsgaii,archive_unbounded,0.03365572866162169
zcat13,nsgaii,cauchy_gamma,0.024537804108345496
zcat13,nsgaii,pcx_sigma_zeta,0.02203838853259618
zcat13,nsgaii,archive_prune_policy,0.020789803356494788
zcat13,nsgaii,mutation_eta,0.018419952262463648
zcat13,nsgaii,mutation_prob_factor,0.018157513823730577
zcat13,nsgaii,laplace_a,0.01779889423887307
zcat13,nsgaii,initializer,0.017000875908133338
zcat13,nsgaii,scatter_base_size_factor,0.015661144356035925
zcat13,nsgaii,crossover,0.01333293528898165
zcat13,nsgaii,simplex_epsilon,0.01283653440221629
zcat13,nsgaii,wa_alpha,0.011816035267257875
zcat13,nsgaii,levy_beta,0.010807514178289483
zcat13,nsgaii,gaussian_sigma,0.00813100705520027
zcat13,nsgaii,crossover_eta,0.005550511888624386
zcat13,nsgaii,selection,0.004584475049286718
zcat13,nsgaii,pcx_sigma_eta,0.002337671278872732
zcat13,nsgaii,offspring_ratio,0.0016137212031009152
zcat13,nsgaii,fuzzy_d,0.001523685151170536
zcat13,nsgaii,selection_size,0.0010035865010113649
zcat13,nsgaii,levy_scale,0.0008906241370433621
zcat13,nsgaii,use_external_archive,0.0006110160108274158
zcat13,nsgaii,power_index,0.0005122655133842453
zcat13,nsgaii,pop_size,0.00014191680610556106
zcat13,nsgaii,nonuniform_perturbation,1.997627483231353e-05
zcat13,nsgaii,undx_eta,1.7294760800487128e-05
zcat14,tpe,crossover,0.2616691613822881
zcat14,tpe,laplace_b,0.14104361264951118
zcat14,tpe,repair,0.12051460275015652
zcat14,tpe,offspring_ratio,0.09293717098533831
zcat14,tpe,simplex_epsilon,0.06871571379548631
zcat14,tpe,mutation_prob_factor,0.05276715643072712
zcat14,tpe,laplace_a,0.052114027551295634
zcat14,tpe,levy_beta,0.04318601841515794
zcat14,tpe,scatter_base_size_factor,0.03165627416056644
zcat14,tpe,mutation,0.026889667651058116
zcat14,tpe,uniform_perturb,0.026009381755740312
zcat14,tpe,crossover_prob,0.014712185379959546
zcat14,tpe,blxab_alpha,0.013714187697577285
zcat14,tpe,pcx_sigma_eta,0.013698747185507409
zcat14,tpe,initializer,0.01354737333619804
zcat14,tpe,pcx_sigma_zeta,0.009411094537489065
zcat14,tpe,undx_zeta,0.006965523580080457
zcat14,tpe,crossover_alpha,0.0024519693600443563
zcat14,tpe,cauchy_gamma,0.002146042295418823
zcat14,tpe,gaussian_sigma,0.0015161724324792986
zcat14,tpe,nonuniform_perturbation,0.0013966592762784463
zcat14,tpe,levy_scale,0.0007264981750335496
zcat14,tpe,mutation_eta,0.000480303272362754
zcat14,tpe,undx_eta,0.0004714935766345006
zcat14,tpe,power_index,0.0003894186491864856
zcat14,tpe,archive_prune_policy,0.0003313309691468889
zcat14,tpe,archive_unbounded,0.00015611910452631547
zcat14,tpe,fuzzy_d,0.00011618355386794877
zcat14,tpe,pop_size,7.851673949809514e-05
zcat14,tpe,selection,6.069178159689016e-05
zcat14,tpe,blxab_beta,4.445559372704896e-05
zcat14,tpe,crossover_eta,4.105365072469876e-05
zcat14,tpe,wa_alpha,2.2061344499532634e-05
zcat14,tpe,selection_size,1.842668730262766e-05
zcat14,tpe,use_external_archive,7.042935341479901e-07
zcat14,qmc,undx_eta,0.2355610735130645
zcat14,qmc,laplace_b,0.13661621023155715
zcat14,qmc,fuzzy_d,0.13186819178878054
zcat14,qmc,repair,0.10108197725034311
zcat14,qmc,crossover_prob,0.07342909553605675
zcat14,qmc,offspring_ratio,0.049097914951243334
zcat14,qmc,mutation_prob_factor,0.04786180549307734
zcat14,qmc,pop_size,0.04509663899049093
zcat14,qmc,selection,0.03232782551589388
zcat14,qmc,scatter_base_size_factor,0.019880419744526576
zcat14,qmc,power_index,0.019823258680657766
zcat14,qmc,blxab_alpha,0.018864496084333573
zcat14,qmc,nonuniform_perturbation,0.01629016274207069
zcat14,qmc,levy_beta,0.014262804103834733
zcat14,qmc,pcx_sigma_zeta,0.013870199707205762
zcat14,qmc,gaussian_sigma,0.011470301670471488
zcat14,qmc,initializer,0.006286649931234407
zcat14,qmc,mutation,0.0045476367924641384
zcat14,qmc,use_external_archive,0.003680850743018768
zcat14,qmc,pcx_sigma_eta,0.002926041046437157
zcat14,qmc,simplex_epsilon,0.0026892490203710277
zcat14,qmc,crossover_eta,0.0020971385845832296
zcat14,qmc,uniform_perturb,0.0019670620740510503
zcat14,qmc,cauchy_gamma,0.0018092273307698233
zcat14,qmc,selection_size,0.0015406280274872235
zcat14,qmc,crossover_alpha,0.0013715954930159629
zcat14,qmc,crossover,0.0012016534591285596
zcat14,qmc,mutation_eta,0.0004926378580804982
zcat14,qmc,blxab_beta,0.0004762573159263492
zcat14,qmc,undx_zeta,0.000466546343427631
zcat14,qmc,wa_alpha,0.00039608738044195457
zcat14,qmc,laplace_a,0.0002342260281426771
zcat14,qmc,archive_prune_policy,0.00015404947684561187
zcat14,qmc,levy_scale,0.00013478441044116108
zcat14,qmc,archive_unbounded,0.0001253026805245224
zcat15,gp,crossover_eta,0.4953927529968502
zcat15,gp,wa_alpha,0.1377020366789518
zcat15,gp,repair,0.06319654336997825
zcat15,gp,laplace_b,0.058872684032705916
zcat15,gp,archive_unbounded,0.05667158720164251
zcat15,gp,selection,0.02905027289404973
zcat15,gp,gaussian_sigma,0.02794478361416069
zcat15,gp,scatter_base_size_factor,0.01872315335319786
zcat15,gp,levy_beta,0.017066112144485158
zcat15,gp,pcx_sigma_zeta,0.016691495764813734
zcat15,gp,selection_size,0.01598847726814802
zcat15,gp,archive_prune_policy,0.013317322439656337
zcat15,gp,crossover_prob,0.007063326256207228
zcat15,gp,cauchy_gamma,0.005580989758193857
zcat15,gp,pop_size,0.004687840943827972
zcat15,gp,initializer,0.004569421959932439
zcat15,gp,simplex_epsilon,0.0037003898434620616
zcat15,gp,fuzzy_d,0.0033645000198653245
zcat15,gp,pcx_sigma_eta,0.002653174845596206
zcat15,gp,levy_scale,0.002143909852010228
zcat15,gp,mutation_prob_factor,0.0020864148267757303
zcat15,gp,offspring_ratio,0.001831580112680612
zcat15,gp,blxab_alpha,0.001560376074677037
zcat15,gp,undx_eta,0.0015034326590037729
zcat15,gp,mutation,0.0013010355987603077
zcat15,gp,blxab_beta,0.00129228571166813
zcat15,gp,uniform_perturb,0.0012606321658268933
zcat15,gp,mutation_eta,0.001212443387565713
zcat15,gp,undx_zeta,0.0011195695706684096
zcat15,gp,crossover_alpha,0.00084420183970689
zcat15,gp,crossover,0.0005776230779158298
zcat15,gp,power_index,0.00037685357429987607
zcat15,gp,laplace_a,0.00032471726866433907
zcat15,gp,nonuniform_perturbation,0.00017606988922915935
zcat15,gp,use_external_archive,0.0001519890048218555
zcat15,qmc,gaussian_sigma,0.2053877157596543
zcat15,qmc,repair,0.1895348096928861
zcat15,qmc,selection,0.10972904411190783
zcat15,qmc,uniform_perturb,0.07710406827653654
zcat15,qmc,mutation,0.058850234413641636
zcat15,qmc,undx_zeta,0.05854909491035019
zcat15,qmc,pcx_sigma_zeta,0.049483767631840876
zcat15,qmc,nonuniform_perturbation,0.029344420085707226
zcat15,qmc,archive_prune_policy,0.023835547931609666
zcat15,qmc,scatter_base_size_factor,0.02378350529599806
zcat15,qmc,mutation_eta,0.022514365399338335
zcat15,qmc,crossover,0.01639095242287011
zcat15,qmc,laplace_b,0.013539787070289975
zcat15,qmc,undx_eta,0.01248929200017298
zcat15,qmc,initializer,0.012470867031470278
zcat15,qmc,blxab_alpha,0.012091443366462673
zcat15,qmc,simplex_epsilon,0.011755585004614212
zcat15,qmc,crossover_prob,0.01094996046612702
zcat15,qmc,crossover_alpha,0.008585392462916987
zcat15,qmc,power_index,0.007606740682884115
zcat15,qmc,crossover_eta,0.007329702713980723
zcat15,qmc,pop_size,0.006528911047930586
zcat15,qmc,offspring_ratio,0.005404442913934169
zcat15,qmc,mutation_prob_factor,0.005018886770217354
zcat15,qmc,selection_size,0.004896232092407051
zcat15,qmc,laplace_a,0.004077699999058135
zcat15,qmc,cauchy_gamma,0.002745720639538346
zcat15,qmc,wa_alpha,0.002739380741276706
zcat15,qmc,levy_beta,0.002698067987951429
zcat15,qmc,levy_scale,0.0019121615031658943
zcat15,qmc,blxab_beta,0.001110686395671511
zcat15,qmc,fuzzy_d,0.0010237465582567254
zcat15,qmc,pcx_sigma_eta,0.0004558674140896761
zcat15,qmc,use_external_archive,6.131627873492209e-05
zcat15,qmc,archive_unbounded,5.829265073122395e-07
zcat16,cmaes,pop_size,0.19379459287740672
zcat16,cmaes,crossover,0.16044467388926187
zcat16,cmaes,wa_alpha,0.157422188689457
zcat16,cmaes,nonuniform_perturbation,0.08892636085876304
zcat16,cmaes,levy_beta,0.08090608948192522
zcat16,cmaes,mutation_prob_factor,0.05714495529027509
zcat16,cmaes,laplace_a,0.04613038758805556
zcat16,cmaes,repair,0.038509014127188816
zcat16,cmaes,selection,0.02237363637068553
zcat16,cmaes,gaussian_sigma,0.01947295168780667
zcat16,cmaes,offspring_ratio,0.015751951181268195
zcat16,cmaes,blxab_alpha,0.014928604206767612
zcat16,cmaes,mutation_eta,0.01433065698117832
zcat16,cmaes,pcx_sigma_zeta,0.012011746736332506
zcat16,cmaes,crossover_alpha,0.010736774627579894
zcat16,cmaes,blxab_beta,0.008807957737802607
zcat16,cmaes,scatter_base_size_factor,0.008309566397019581
zcat16,cmaes,mutation,0.007561427921542108
zcat16,cmaes,simplex_epsilon,0.006854761198778553
zcat16,cmaes,archive_prune_policy,0.006541347307648027
zcat16,cmaes,uniform_perturb,0.0054126933634544745
zcat16,cmaes,power_index,0.004674052918295081
zcat16,cmaes,initializer,0.0039032118068935305
zcat16,cmaes,levy_scale,0.0031741207723732247
zcat16,cmaes,use_external_archive,0.0029054224021688936
zcat16,cmaes,fuzzy_d,0.002688071268182961
zcat16,cmaes,crossover_eta,0.0018055006214498643
zcat16,cmaes,undx_eta,0.0010973772869955786
zcat16,cmaes,archive_unbounded,0.0009437528751181935
zcat16,cmaes,pcx_sigma_eta,0.0007065934919760148
zcat16,cmaes,crossover_prob,0.0006379718311205727
zcat16,cmaes,laplace_b,0.00033232811944752046
zcat16,cmaes,selection_size,0.000313721903752047
zcat16,cmaes,undx_zeta,0.0002696998502577028
zcat16,cmaes,cauchy_gamma,0.00017583633177144432
zcat16,random,selection,0.18361298958673
zcat16,random,blxab_alpha,0.16068497831521386
zcat16,random,crossover,0.12786318675088487
zcat16,random,power_index,0.0917831233079365
zcat16,random,cauchy_gamma,0.06737663205437926
zcat16,random,repair,0.0460032570586254
zcat16,random,scatter_base_size_factor,0.041996052036420393
zcat16,random,laplace_b,0.03432847669331482
zcat16,random,pop_size,0.03384777966270886
zcat16,random,crossover_eta,0.023560331727369817
zcat16,random,undx_eta,0.022683554237391625
zcat16,random,archive_prune_policy,0.01877715574051317
zcat16,random,undx_zeta,0.016956063078126773
zcat16,random,selection_size,0.01649760421661033
zcat16,random,mutation_prob_factor,0.01576369027963717
zcat16,random,uniform_perturb,0.014104143185934946
zcat16,random,nonuniform_perturbation,0.010370908889846172
zcat16,random,blxab_beta,0.00888998680138063
zcat16,random,wa_alpha,0.008244313014624999
zcat16,random,initializer,0.007739094347894604
zcat16,random,levy_beta,0.007269182984075283
zcat16,random,pcx_sigma_eta,0.006306387032017214
zcat16,random,levy_scale,0.005946535687372144
zcat16,random,mutation_eta,0.005809762141454182
zcat16,random,pcx_sigma_zeta,0.005716014684074317
zcat16,random,mutation,0.004527764596541052
zcat16,random,simplex_epsilon,0.0034380465989088194
zcat16,random,gaussian_sigma,0.003065905629814901
zcat16,random,offspring_ratio,0.0024631179531975616
zcat16,random,crossover_prob,0.0018058951324908912
zcat16,random,archive_unbounded,0.0011008780583531069
zcat16,random,laplace_a,0.0009407113968133337
zcat16,random,use_external_archive,0.00021011887298480044
zcat16,random,crossover_alpha,0.00020607096637243215
zcat16,random,fuzzy_d,0.00011028727998586602
zcat17,random,crossover,0.229833138112122
zcat17,random,fuzzy_d,0.10386611271719844
zcat17,random,gaussian_sigma,0.08945124456098831
zcat17,random,cauchy_gamma,0.08806374002671526
zcat17,random,pop_size,0.07347319864054844
zcat17,random,simplex_epsilon,0.062400494668556857
zcat17,random,mutation,0.06226738933911522
zcat17,random,crossover_prob,0.043201050599274905
zcat17,random,scatter_base_size_factor,0.042817402590829806
zcat17,random,crossover_eta,0.03686943694546058
zcat17,random,undx_eta,0.03253279384199809
zcat17,random,pcx_sigma_zeta,0.026585080275211136
zcat17,random,repair,0.019652427836831694
zcat17,random,wa_alpha,0.016792166574182987
zcat17,random,nonuniform_perturbation,0.016033116181927286
zcat17,random,laplace_b,0.015903866164616722
zcat17,random,levy_beta,0.01499182046342341
zcat17,random,selection_size,0.011708177007516725
zcat17,random,blxab_alpha,0.0024050663171189335
zcat17,random,archive_prune_policy,0.0020939144762403125
zcat17,random,crossover_alpha,0.0020411308830346297
zcat17,random,offspring_ratio,0.00181989554033438
zcat17,random,uniform_perturb,0.0008851950434051703
zcat17,random,levy_scale,0.0008313987480972072
zcat17,random,initializer,0.0008303025371816572
zcat17,random,power_index,0.0006988783251570458
zcat17,random,mutation_eta,0.000655600592527206
zcat17,random,undx_zeta,0.0006191912248431305
zcat17,random,selection,0.0002443653314349195
zcat17,random,mutation_prob_factor,0.0001317899478511444
zcat17,random,use_external_archive,9.510577656982719e-05
zcat17,random,laplace_a,9.257997110466998e-05
zcat17,random,blxab_beta,6.857935585641913e-05
zcat17,random,pcx_sigma_eta,3.1917203375247185e-05
zcat17,random,archive_unbounded,1.243217935043595e-05
zcat17,nsgaii,repair,0.3864212073549469
zcat17,nsgaii,crossover,0.1499100181711342
zcat17,nsgaii,pcx_sigma_zeta,0.12774263507666814
zcat17,nsgaii,mutation,0.12505500725077298
zcat17,nsgaii,undx_eta,0.04329805078264738
zcat17,nsgaii,undx_zeta,0.03738519090211154
zcat17,nsgaii,initializer,0.029429715651238125
zcat17,nsgaii,power_index,0.017559693180429704
zcat17,nsgaii,selection,0.01026632867198233
zcat17,nsgaii,uniform_perturb,0.009743049684756833
zcat17,nsgaii,mutation_eta,0.00946377556422658
zcat17,nsgaii,blxab_alpha,0.008040312393645404
zcat17,nsgaii,selection_size,0.00641036294968166
zcat17,nsgaii,crossover_eta,0.005278780242178166
zcat17,nsgaii,levy_beta,0.004703124483007295
zcat17,nsgaii,wa_alpha,0.00460500830874021
zcat17,nsgaii,mutation_prob_factor,0.0036806243041041906
zcat17,nsgaii,pop_size,0.0032361413087434454
zcat17,nsgaii,levy_scale,0.003168516867184304
zcat17,nsgaii,nonuniform_perturbation,0.0031596308573027553
zcat17,nsgaii,laplace_a,0.002887488437290354
zcat17,nsgaii,crossover_prob,0.0015583225079317763
zcat17,nsgaii,simplex_epsilon,0.0014596147801848715
zcat17,nsgaii,archive_unbounded,0.0012537102660651568
zcat17,nsgaii,gaussian_sigma,0.0010949352072367044
zcat17,nsgaii,offspring_ratio,0.0007480536299912666
zcat17,nsgaii,archive_prune_policy,0.0006735883395583037
zcat17,nsgaii,fuzzy_d,0.0005033393709699764
zcat17,nsgaii,blxab_beta,0.00048343796474838917
zcat17,nsgaii,crossover_alpha,0.0004406717146227144
zcat17,nsgaii,pcx_sigma_eta,0.00017182240594668842
zcat17,nsgaii,cauchy_gamma,8.773207564389979e-05
zcat17,nsgaii,scatter_base_size_factor,5.0637243951835644e-05
zcat17,nsgaii,laplace_b,2.189540911847543e-05
zcat17,nsgaii,use_external_archive,7.5766412375125235e-06
zcat18,tpe,power_index,0.4406645534839805
zcat18,tpe,mutation_eta,0.16954552627706626
zcat18,tpe,fuzzy_d,0.06530537279729233
zcat18,tpe,nonuniform_perturbation,0.03684789460331806
zcat18,tpe,crossover_eta,0.034740622310341834
zcat18,tpe,pcx_sigma_zeta,0.03350433137943401
zcat18,tpe,mutation_prob_factor,0.031326749524451816
zcat18,tpe,simplex_epsilon,0.03016229480812625
zcat18,tpe,gaussian_sigma,0.024579570939505774
zcat18,tpe,pcx_sigma_eta,0.022383400457123986
zcat18,tpe,crossover,0.019563629464353312
zcat18,tpe,mutation,0.018156479954444013
zcat18,tpe,undx_zeta,0.015272464339825705
zcat18,tpe,crossover_alpha,0.013303125631465835
zcat18,tpe,blxab_beta,0.013013281845551759
zcat18,tpe,undx_eta,0.012331991804977379
zcat18,tpe,use_external_archive,0.0028568490530607982
zcat18,tpe,laplace_a,0.002796920161512367
zcat18,tpe,initializer,0.0023295629738442516
zcat18,tpe,uniform_perturb,0.0021703477624896847
zcat18,tpe,archive_prune_policy,0.0014215972468219458
zcat18,tpe,repair,0.0013907790860386553
zcat18,tpe,blxab_alpha,0.0011402504238216904
zcat18,tpe,levy_scale,0.0009846439119525013
zcat18,tpe,scatter_base_size_factor,0.0008432514387054897
zcat18,tpe,crossover_prob,0.0007879314083563625
zcat18,tpe,levy_beta,0.0006877807619174304
zcat18,tpe,offspring_ratio,0.0005362493955948084
zcat18,tpe,wa_alpha,0.00045994405127500806
zcat18,tpe,pop_size,0.0004000135110514173
zcat18,tpe,archive_unbounded,0.0001508400457425273
zcat18,tpe,selection,0.00011255450778674758
zcat18,tpe,selection_size,7.967425223120341e-05
zcat18,tpe,laplace_b,7.634944183347856e-05
zcat18,tpe,cauchy_gamma,7.317094470502713e-05
zcat18,random,crossover,0.3338491958063251
zcat18,random,crossover_alpha,0.0880780504119741
zcat18,random,simplex_epsilon,0.0796408906815699
zcat18,random,gaussian_sigma,0.06493593316881849
zcat18,random,mutation,0.05525085745918965
zcat18,random,blxab_beta,0.04989248769216478
zcat18,random,fuzzy_d,0.044538155210179564
zcat18,random,mutation_eta,0.038790244627161616
zcat18,random,pcx_sigma_zeta,0.03278516220655816
zcat18,random,mutation_prob_factor,0.02898899641056056
zcat18,random,levy_scale,0.02187017525308617
zcat18,random,uniform_perturb,0.02076299784169081
zcat18,random,nonuniform_perturbation,0.019536979859711208
zcat18,random,blxab_alpha,0.014725745309159715
zcat18,random,power_index,0.01440024850702427
zcat18,random,archive_prune_policy,0.01285669752839955
zcat18,random,wa_alpha,0.012324417308739543
zcat18,random,laplace_b,0.012005971760450781
zcat18,random,pcx_sigma_eta,0.009212822641727448
zcat18,random,undx_eta,0.007938672452611406
zcat18,random,crossover_eta,0.0064187473361840925
zcat18,random,laplace_a,0.004791723435953253
zcat18,random,initializer,0.00454742196253614
zcat18,random,cauchy_gamma,0.004383526309601666
zcat18,random,levy_beta,0.004041334074965752
zcat18,random,offspring_ratio,0.003500190990230151
zcat18,random,crossover_prob,0.00228578040260342
zcat18,random,repair,0.0018731111164491398
zcat18,random,pop_size,0.0015023136272652535
zcat18,random,selection,0.0011968535370629459
zcat18,random,use_external_archive,0.0011022381859161184
zcat18,random,scatter_base_size_factor,0.0009342156082032049
zcat18,random,archive_unbounded,0.000500367250377101
zcat18,random,undx_zeta,0.0004150356310393149
zcat18,random,selection_size,0.00012243839450960315
zcat19,nsgaiii,laplace_a,0.20347348059896997
zcat19,nsgaiii,power_index,0.1930271028617707
zcat19,nsgaiii,blxab_beta,0.07437953165189616
zcat19,nsgaiii,pop_size,0.06736794305599575
zcat19,nsgaiii,mutation,0.06323254107941145
zcat19,nsgaiii,fuzzy_d,0.0622621509287772
zcat19,nsgaiii,crossover,0.05028826231476838
zcat19,nsgaiii,laplace_b,0.03960561738145252
zcat19,nsgaiii,pcx_sigma_zeta,0.03454723095265513
zcat19,nsgaiii,levy_scale,0.032341823230106495
zcat19,nsgaiii,simplex_epsilon,0.030748315383510756
zcat19,nsgaiii,mutation_eta,0.022128106858942464
zcat19,nsgaiii,crossover_alpha,0.01754764117541111
zcat19,nsgaiii,uniform_perturb,0.013537921969113834
zcat19,nsgaiii,selection_size,0.01257764072825918
zcat19,nsgaiii,undx_eta,0.011607148391192715
zcat19,nsgaiii,crossover_prob,0.010293179407914162
zcat19,nsgaiii,wa_alpha,0.007896767390864265
zcat19,nsgaiii,levy_beta,0.007226332737123208
zcat19,nsgaiii,scatter_base_size_factor,0.007149524644413383
zcat19,nsgaiii,cauchy_gamma,0.006839569624316485
zcat19,nsgaiii,initializer,0.00647472676914163
zcat19,nsgaiii,archive_prune_policy,0.005897954689519566
zcat19,nsgaiii,pcx_sigma_eta,0.005714756326618954
zcat19,nsgaiii,mutation_prob_factor,0.0034460942827089676
zcat19,nsgaiii,nonuniform_perturbation,0.003355232657341948
zcat19,nsgaiii,repair,0.0025775705727610985
zcat19,nsgaiii,offspring_ratio,0.0025319990751013857
zcat19,nsgaiii,selection,0.000674187352092996
zcat19,nsgaiii,blxab_alpha,0.00047450284592819025
zcat19,nsgaiii,gaussian_sigma,0.00046108133789881777
zcat19,nsgaiii,archive_unbounded,0.00020675458350516155
zcat19,nsgaiii,undx_zeta,4.821140618130189e-05
zcat19,nsgaiii,crossover_eta,4.663093913634845e-05
zcat19,nsgaiii,use_external_archive,1.246479519863172e-05
zcat19,gp,pcx_sigma_eta,0.1312771560379827
zcat19,gp,pcx_sigma_zeta,0.11583721174363941
zcat19,gp,crossover_prob,0.09289036656038782
zcat19,gp,undx_zeta,0.08385359026517611
zcat19,gp,blxab_beta,0.07326644247934966
zcat19,gp,crossover_eta,0.06607374529371329
zcat19,gp,levy_scale,0.05644346140846657
zcat19,gp,mutation,0.044198742960419084
zcat19,gp,use_external_archive,0.03870267357651992
zcat19,gp,blxab_alpha,0.030852862621472067
zcat19,gp,crossover,0.02580215803778065
zcat19,gp,repair,0.02440876405023676
zcat19,gp,cauchy_gamma,0.022628541403855226
zcat19,gp,offspring_ratio,0.021375228404943776
zcat19,gp,archive_unbounded,0.02055907278198818
zcat19,gp,pop_size,0.017225495747609242
zcat19,gp,scatter_base_size_factor,0.016327049554493156
zcat19,gp,nonuniform_perturbation,0.015387801506085153
zcat19,gp,initializer,0.013727136562618038
zcat19,gp,archive_prune_policy,0.012364656485076274
zcat19,gp,mutation_eta,0.011009721733886068
zcat19,gp,laplace_b,0.010528132969474899
zcat19,gp,selection_size,0.008527021616301544
zcat19,gp,wa_alpha,0.007879366653896136
zcat19,gp,crossover_alpha,0.00585522385315293
zcat19,gp,undx_eta,0.005848626654983441
zcat19,gp,selection,0.005481244082710527
zcat19,gp,uniform_perturb,0.005036035465148622
zcat19,gp,levy_beta,0.003820668504925251
zcat19,gp,mutation_prob_factor,0.003539197514460588
zcat19,gp,laplace_a,0.0027510441325171806
zcat19,gp,power_index,0.002579172444909564
zcat19,gp,simplex_epsilon,0.0020997312130559115
zcat19,gp,fuzzy_d,0.0013141058142176422
zcat19,gp,gaussian_sigma,0.0005285498645465764
zcat2,tpe,nonuniform_perturbation,0.28311333803829614
zcat2,tpe,wa_alpha,0.1017225445980835
zcat2,tpe,mutation_prob_factor,0.07399111462613592
zcat2,tpe,power_index,0.06039480351629135
zcat2,tpe,undx_zeta,0.05868105138212225
zcat2,tpe,mutation,0.05112180614534006
zcat2,tpe,undx_eta,0.043378667293763315
zcat2,tpe,pcx_sigma_zeta,0.04145502928283611
zcat2,tpe,crossover_alpha,0.0361492277943227
zcat2,tpe,blxab_alpha,0.03125506073955783
zcat2,tpe,gaussian_sigma,0.028679715705995163
zcat2,tpe,levy_beta,0.02834227636344846
zcat2,tpe,crossover,0.024587636487859128
zcat2,tpe,repair,0.019531636909881245
zcat2,tpe,levy_scale,0.01858845455291445
zcat2,tpe,blxab_beta,0.01805211536037429
zcat2,tpe,archive_unbounded,0.017964903616503276
zcat2,tpe,crossover_prob,0.012676527808508191
zcat2,tpe,laplace_b,0.00949122562696397
zcat2,tpe,pop_size,0.00912760700578828
zcat2,tpe,archive_prune_policy,0.005800534949161941
zcat2,tpe,offspring_ratio,0.004347105690765263
zcat2,tpe,selection,0.003616899940299194
zcat2,tpe,simplex_epsilon,0.0029868133001093406
zcat2,tpe,initializer,0.002875930586305647
zcat2,tpe,cauchy_gamma,0.0023486508183550806
zcat2,tpe,uniform_perturb,0.002303313300518502
zcat2,tpe,pcx_sigma_eta,0.002219522717691721
zcat2,tpe,crossover_eta,0.001636288422063347
zcat2,tpe,use_external_archive,0.001038337738176011
zcat2,tpe,fuzzy_d,0.0009490721301783663
zcat2,tpe,mutation_eta,0.0006725816780377606
zcat2,tpe,scatter_base_size_factor,0.0006449214370254971
zcat2,tpe,selection_size,0.00021976320837240068
zcat2,tpe,laplace_a,3.552122795463111e-05
zcat2,cmaes,mutation_prob_factor,0.12048919971563814
zcat2,cmaes,mutation,0.09938152130173211
zcat2,cmaes,levy_beta,0.09326784891051054
zcat2,cmaes,pcx_sigma_zeta,0.08970049519421243
zcat2,cmaes,crossover,0.087644976984893
zcat2,cmaes,mutation_eta,0.08514291356023355
zcat2,cmaes,pop_size,0.07846920625405007
zcat2,cmaes,pcx_sigma_eta,0.059379693516775404
zcat2,cmaes,wa_alpha,0.05625384610227544
zcat2,cmaes,initializer,0.045837181370398376
zcat2,cmaes,crossover_eta,0.03563461187444329
zcat2,cmaes,uniform_perturb,0.03215877250886768
zcat2,cmaes,levy_scale,0.028293949339020907
zcat2,cmaes,scatter_base_size_factor,0.023226993574762773
zcat2,cmaes,fuzzy_d,0.01649817680211778
zcat2,cmaes,undx_eta,0.01442649749514229
zcat2,cmaes,laplace_b,0.00821793323441506
zcat2,cmaes,crossover_alpha,0.0064765487828450105
zcat2,cmaes,laplace_a,0.003810639512833924
zcat2,cmaes,blxab_alpha,0.003626140347324754
zcat2,cmaes,cauchy_gamma,0.002572769057327152
zcat2,cmaes,simplex_epsilon,0.002042344314482877
zcat2,cmaes,repair,0.0019377841321087234
zcat2,cmaes,gaussian_sigma,0.0013610636089261316
zcat2,cmaes,offspring_ratio,0.0011761089556237793
zcat2,cmaes,nonuniform_perturbation,0.0008913889504646329
zcat2,cmaes,power_index,0.0006424431609354956
zcat2,cmaes,undx_zeta,0.00036764633617540567
zcat2,cmaes,use_external_archive,0.0003672709803106919
zcat2,cmaes,crossover_prob,0.00025145092952043226
zcat2,cmaes,selection,0.00015635626692147138
zcat2,cmaes,archive_prune_policy,0.00013610761389243754
zcat2,cmaes,blxab_beta,0.00012161232519383916
zcat2,cmaes,selection_size,2.3065462869639448e-05
zcat2,cmaes,archive_unbounded,1.544152275485951e-05
zcat20,random,selection,0.12978971250664323
zcat20,random,repair,0.1186922430719494
zcat20,random,fuzzy_d,0.09344880281673187
zcat20,random,gaussian_sigma,0.048260964859400346
zcat20,random,levy_scale,0.04789670134959728
zcat20,random,scatter_base_size_factor,0.04564221758727507
zcat20,random,mutation_eta,0.0401352968349814
zcat20,random,blxab_alpha,0.037465377342338305
zcat20,random,pcx_sigma_zeta,0.03506805578586765
zcat20,random,mutation,0.03404009633365173
zcat20,random,crossover_alpha,0.03357950463713701
zcat20,random,crossover,0.030834381581881346
zcat20,random,crossover_eta,0.030358180356956067
zcat20,random,offspring_ratio,0.030124488672376923
zcat20,random,wa_alpha,0.028917937736660924
zcat20,random,archive_prune_policy,0.028902345849013418
zcat20,random,undx_eta,0.027405454767146988
zcat20,random,initializer,0.020772257879986336
zcat20,random,nonuniform_perturbation,0.02029051695567452
zcat20,random,mutation_prob_factor,0.01862718750942773
zcat20,random,laplace_b,0.0165344125489413
zcat20,random,simplex_epsilon,0.01651722033913998
zcat20,random,power_index,0.016028187423252137
zcat20,random,levy_beta,0.009846218747120468
zcat20,random,blxab_beta,0.00951862356116475
zcat20,random,crossover_prob,0.007334826351740685
zcat20,random,cauchy_gamma,0.006350153771342942
zcat20,random,uniform_perturb,0.005909314596313488
zcat20,random,pop_size,0.003831987190085217
zcat20,random,undx_zeta,0.0026449072498245236
zcat20,random,pcx_sigma_eta,0.002267144826381091
zcat20,random,laplace_a,0.0013647023612874112
zcat20,random,selection_size,0.0010919505244927402
zcat20,random,use_external_archive,0.0003789736410934689
zcat20,random,archive_unbounded,0.00012965243312216998
zcat20,tpe,blxab_beta,0.14768161057565593
zcat20,tpe,nonuniform_perturbation,0.1207094639539395
zcat20,tpe,crossover_eta,0.10538143325242244
zcat20,tpe,selection_size,0.09418936810726947
zcat20,tpe,levy_beta,0.07751254548141238
zcat20,tpe,repair,0.057929832207838185
zcat20,tpe,crossover,0.057071100300768764
zcat20,tpe,pop_size,0.04491163992466024
zcat20,tpe,gaussian_sigma,0.04182671338743628
zcat20,tpe,mutation_prob_factor,0.031952532483680365
zcat20,tpe,scatter_base_size_factor,0.024606963451478808
zcat20,tpe,simplex_epsilon,0.024347794217834277
zcat20,tpe,mutation,0.023063385165191384
zcat20,tpe,selection,0.02248211145865955
zcat20,tpe,uniform_perturb,0.017651493616907276
zcat20,tpe,mutation_eta,0.017344269016530682
zcat20,tpe,fuzzy_d,0.01219006253863695
zcat20,tpe,blxab_alpha,0.010873718895202413
zcat20,tpe,levy_scale,0.010812613511688638
zcat20,tpe,laplace_a,0.008657888807526819
zcat20,tpe,undx_eta,0.007948351747168838
zcat20,tpe,crossover_alpha,0.007618108965431547
zcat20,tpe,archive_prune_policy,0.005520616129982989
zcat20,tpe,use_external_archive,0.004593592321846363
zcat20,tpe,archive_unbounded,0.004212466123910222
zcat20,tpe,pcx_sigma_eta,0.003477243016764821
zcat20,tpe,power_index,0.0026105031209347324
zcat20,tpe,crossover_prob,0.0025009483983592542
zcat20,tpe,undx_zeta,0.002460122604643615
zcat20,tpe,pcx_sigma_zeta,0.002101936100523989
zcat20,tpe,initializer,0.0019607762094910187
zcat20,tpe,laplace_b,0.0014458382993249323
zcat20,tpe,offspring_ratio,0.001296024169989026
zcat20,tpe,wa_alpha,0.0008358448459672923
zcat20,tpe,cauchy_gamma,0.000221087590921477
zcat3,tpe,blxab_alpha,0.4825721508533799
zcat3,tpe,crossover,0.09458648028440186
zcat3,tpe,repair,0.08896163351824252
zcat3,tpe,mutation_prob_factor,0.06636586987862622
zcat3,tpe,initializer,0.05643860426054583
zcat3,tpe,laplace_b,0.034177639360882556
zcat3,tpe,levy_scale,0.03377332802758012
zcat3,tpe,laplace_a,0.027637122565588996
zcat3,tpe,simplex_epsilon,0.024422935267480347
zcat3,tpe,crossover_eta,0.015189440420895312
zcat3,tpe,scatter_base_size_factor,0.009420026407027996
zcat3,tpe,fuzzy_d,0.009060127173978976
zcat3,tpe,nonuniform_perturbation,0.007315355677769484
zcat3,tpe,uniform_perturb,0.006669445809891869
zcat3,tpe,undx_zeta,0.006546408528154357
zcat3,tpe,mutation_eta,0.005267366550214686
zcat3,tpe,wa_alpha,0.005257789602237476
zcat3,tpe,selection,0.004605642445236562
zcat3,tpe,gaussian_sigma,0.003490154699269097
zcat3,tpe,crossover_prob,0.002820840595576634
zcat3,tpe,pcx_sigma_eta,0.002743324179566041
zcat3,tpe,pop_size,0.002650530714418316
zcat3,tpe,mutation,0.002496109542981009
zcat3,tpe,offspring_ratio,0.0019516983114563913
zcat3,tpe,undx_eta,0.0017113375041326313
zcat3,tpe,pcx_sigma_zeta,0.0015027400002059217
zcat3,tpe,power_index,0.000618967186781655
zcat3,tpe,blxab_beta,0.00048667216518743193
zcat3,tpe,archive_unbounded,0.00046768251146401684
zcat3,tpe,cauchy_gamma,0.0003925477188100944
zcat3,tpe,selection_size,0.00021178663019212949
zcat3,tpe,archive_prune_policy,6.867074773815577e-05
zcat3,tpe,use_external_archive,6.140296783866756e-05
zcat3,tpe,levy_beta,4.575290419301286e-05
zcat3,tpe,crossover_alpha,1.241498805394065e-05
zcat3,qmc,repair,0.7273065325377785
zcat3,qmc,selection,0.029116287535740467
zcat3,qmc,crossover,0.028841204875639195
zcat3,qmc,pcx_sigma_eta,0.027582773219260583
zcat3,qmc,archive_prune_policy,0.022427543105648946
zcat3,qmc,mutation_prob_factor,0.016989618006028617
zcat3,qmc,undx_zeta,0.013171285075657738
zcat3,qmc,selection_size,0.012066715039137907
zcat3,qmc,laplace_b,0.010957737669335874
zcat3,qmc,crossover_eta,0.010023239334125997
zcat3,qmc,blxab_beta,0.00986439549808223
zcat3,qmc,crossover_prob,0.008865707352544824
zcat3,qmc,power_index,0.00844430515213386
zcat3,qmc,offspring_ratio,0.007961973517888694
zcat3,qmc,crossover_alpha,0.007688059903665242
zcat3,qmc,use_external_archive,0.00747858977358667
zcat3,qmc,undx_eta,0.005630231255397799
zcat3,qmc,nonuniform_perturbation,0.0052669704677141185
zcat3,qmc,simplex_epsilon,0.005156263440688553
zcat3,qmc,pcx_sigma_zeta,0.004557252911810426
zcat3,qmc,mutation,0.00444977229676901
zcat3,qmc,cauchy_gamma,0.004010087628139249
zcat3,qmc,fuzzy_d,0.0034818416841164547
zcat3,qmc,levy_beta,0.0034416042750011044
zcat3,qmc,wa_alpha,0.003002640168619141
zcat3,qmc,scatter_base_size_factor,0.0029197229124406626
zcat3,qmc,uniform_perturb,0.0024374503662798527
zcat3,qmc,laplace_a,0.002283037683336597
zcat3,qmc,mutation_eta,0.0013091592452204892
zcat3,qmc,gaussian_sigma,0.0009318063910307982
zcat3,qmc,archive_unbounded,0.0007382610944787127
zcat3,qmc,pop_size,0.0005679207586864103
zcat3,qmc,blxab_alpha,0.0005419379269405734
zcat3,qmc,levy_scale,0.0003130940315925334
zcat3,qmc,initializer,0.0001749778654822668
zcat4,nsgaiii,undx_zeta,0.2610577917871898
zcat4,nsgaiii,mutation_prob_factor,0.25668866157392356
zcat4,nsgaiii,power_index,0.09851816830431252
zcat4,nsgaiii,scatter_base_size_factor,0.06529680041226672
zcat4,nsgaiii,fuzzy_d,0.06415168178728556
zcat4,nsgaiii,wa_alpha,0.045421028820347834
zcat4,nsgaiii,pop_size,0.031560023483816056
zcat4,nsgaiii,undx_eta,0.020392936817909737
zcat4,nsgaiii,crossover,0.019812619057314365
zcat4,nsgaiii,crossover_prob,0.019243159285876058
zcat4,nsgaiii,laplace_a,0.014737095438937947
zcat4,nsgaiii,mutation_eta,0.011597728339743369
zcat4,nsgaiii,initializer,0.011518083995120028
zcat4,nsgaiii,archive_prune_policy,0.011377805420185596
zcat4,nsgaiii,repair,0.010515021990753277
zcat4,nsgaiii,mutation,0.00905563125296434
zcat4,nsgaiii,nonuniform_perturbation,0.008894178053882549
zcat4,nsgaiii,pcx_sigma_zeta,0.006506179266498122
zcat4,nsgaiii,blxab_alpha,0.005112940229969975
zcat4,nsgaiii,uniform_perturb,0.004996331996635147
zcat4,nsgaiii,pcx_sigma_eta,0.0036038634349554533
zcat4,nsgaiii,laplace_b,0.002930678503059043
zcat4,nsgaiii,crossover_eta,0.002917644555781829
zcat4,nsgaiii,levy_scale,0.0026811551365572023
zcat4,nsgaiii,cauchy_gamma,0.0024307847265741997
zcat4,nsgaiii,gaussian_sigma,0.002190353959807532
zcat4,nsgaiii,simplex_epsilon,0.0017177326532102973
zcat4,nsgaiii,blxab_beta,0.0011642861557344863
zcat4,nsgaiii,offspring_ratio,0.0008470050052127354
zcat4,nsgaiii,crossover_alpha,0.0008468054283730512
zcat4,nsgaiii,levy_beta,0.0008100981104060357
zcat4,nsgaiii,selection,0.0007523713612433712
zcat4,nsgaiii,selection_size,0.0005391258976617451
zcat4,nsgaiii,use_external_archive,0.0001107441654872211
zcat4,nsgaiii,archive_unbounded,3.4835910031669604e-06
zcat4,tpe,cauchy_gamma,0.47163396471093155
zcat4,tpe,pcx_sigma_eta,0.3071575302578624
zcat4,tpe,crossover_alpha,0.03671953569815879
zcat4,tpe,crossover_eta,0.0256446775122737
zcat4,tpe,pcx_sigma_zeta,0.01766938412495853
zcat4,tpe,laplace_b,0.013018915772708693
zcat4,tpe,crossover,0.012499896940802288
zcat4,tpe,pop_size,0.010913543377433069
zcat4,tpe,mutation_prob_factor,0.009853840454448839
zcat4,tpe,repair,0.009725399180091295
zcat4,tpe,mutation,0.009706218183444276
zcat4,tpe,initializer,0.009570666146688769
zcat4,tpe,levy_scale,0.008442149484650668
zcat4,tpe,gaussian_sigma,0.0069055586769271845
zcat4,tpe,laplace_a,0.006848351910114077
zcat4,tpe,nonuniform_perturbation,0.006755430927198585
zcat4,tpe,wa_alpha,0.005087761490801733
zcat4,tpe,fuzzy_d,0.004944927608306052
zcat4,tpe,scatter_base_size_factor,0.004825565808335107
zcat4,tpe,selection_size,0.004652763897706132
zcat4,tpe,blxab_alpha,0.0033264070116430446
zcat4,tpe,undx_eta,0.0029741877987223093
zcat4,tpe,selection,0.0028928802360417673
zcat4,tpe,undx_zeta,0.0019952354325819656
zcat4,tpe,crossover_prob,0.001325803311527798
zcat4,tpe,simplex_epsilon,0.001201805714116625
zcat4,tpe,levy_beta,0.0010163209218698478
zcat4,tpe,blxab_beta,0.0007814729032932342
zcat4,tpe,offspring_ratio,0.0006622997836740043
zcat4,tpe,mutation_eta,0.0005662182972400387
zcat4,tpe,archive_prune_policy,0.0003734941422598791
zcat4,tpe,power_index,0.00018110754458643342
zcat4,tpe,archive_unbounded,4.79941228674875e-05
zcat4,tpe,use_external_archive,4.784368565277899e-05
zcat4,tpe,uniform_perturb,3.084693008096214e-05
zcat5,nsgaiii,repair,0.7723714398035363
zcat5,nsgaiii,uniform_perturb,0.06417482544066655
zcat5,nsgaiii,levy_scale,0.03584927100580349
zcat5,nsgaiii,gaussian_sigma,0.03467677174567145
zcat5,nsgaiii,crossover,0.021144388397583393
zcat5,nsgaiii,laplace_a,0.018704619453163505
zcat5,nsgaiii,mutation,0.01651303022359359
zcat5,nsgaiii,fuzzy_d,0.013991308330863787
zcat5,nsgaiii,simplex_epsilon,0.0073885228618232966
zcat5,nsgaiii,archive_unbounded,0.0034441661582973225
zcat5,nsgaiii,nonuniform_perturbation,0.0028305173242246626
zcat5,nsgaiii,levy_beta,0.0026698809756727673
zcat5,nsgaiii,pcx_sigma_eta,0.0015843793345082647
zcat5,nsgaiii,selection,0.0011312166661270522
zcat5,nsgaiii,archive_prune_policy,0.00044632016779745843
zcat5,nsgaiii,crossover_alpha,0.00041990137750213234
zcat5,nsgaiii,scatter_base_size_factor,0.0004117127669266891
zcat5,nsgaiii,laplace_b,0.00039694238853150564
zcat5,nsgaiii,pop_size,0.0003813026661458442
zcat5,nsgaiii,mutation_eta,0.0003801098277288918
zcat5,nsgaiii,initializer,0.00018250370710646478
zcat5,nsgaiii,wa_alpha,0.00014306147799645946
zcat5,nsgaiii,mutation_prob_factor,0.0001289769555208132
zcat5,nsgaiii,offspring_ratio,0.00011518799897363734
zcat5,nsgaiii,cauchy_gamma,0.0001067575717209307
zcat5,nsgaiii,selection_size,7.870896090044467e-05
zcat5,nsgaiii,power_index,7.263642627900889e-05
zcat5,nsgaiii,undx_zeta,4.288617859568337e-05
zcat5,nsgaiii,blxab_beta,4.062953289626619e-05
zcat5,nsgaiii,crossover_prob,4.0437284467527834e-05
zcat5,nsgaiii,use_external_archive,3.7574520083901906e-05
zcat5,nsgaiii,pcx_sigma_zeta,3.5307097136570874e-05
zcat5,nsgaiii,undx_eta,3.2747829954166756e-05
zcat5,nsgaiii,crossover_eta,2.4563307418673913e-05
zcat5,nsgaiii,blxab_alpha,7.394234781433299e-06
zcat5,tpe,simplex_epsilon,0.168250768570264
zcat5,tpe,pcx_sigma_eta,0.13291066147743746
zcat5,tpe,power_index,0.12016794255656897
zcat5,tpe,archive_prune_policy,0.07263363811547109
zcat5,tpe,blxab_alpha,0.061502680681346
zcat5,tpe,mutation_prob_factor,0.050873512640825715
zcat5,tpe,levy_beta,0.04848248680149578
zcat5,tpe,fuzzy_d,0.03644490462670457
zcat5,tpe,cauchy_gamma,0.03525156574176482
zcat5,tpe,crossover,0.03095580684129476
zcat5,tpe,crossover_prob,0.02786873369715609
zcat5,tpe,undx_eta,0.026020263689457583
zcat5,tpe,uniform_perturb,0.019655887600900788
zcat5,tpe,mutation,0.01882313217887171
zcat5,tpe,pop_size,0.017532300365581253
zcat5,tpe,laplace_b,0.01739440278685357
zcat5,tpe,crossover_alpha,0.01715521444130198
zcat5,tpe,offspring_ratio,0.01521971518167065
zcat5,tpe,selection_size,0.012320629547198461
zcat5,tpe,nonuniform_perturbation,0.00965869947239445
zcat5,tpe,blxab_beta,0.009032881340954157
zcat5,tpe,laplace_a,0.008780806231281186
zcat5,tpe,undx_zeta,0.008313110578169676
zcat5,tpe,repair,0.007970855518141938
zcat5,tpe,mutation_eta,0.007291433682341663
zcat5,tpe,use_external_archive,0.005485347724547788
zcat5,tpe,crossover_eta,0.004020226278592743
zcat5,tpe,selection,0.003817660692268533
zcat5,tpe,initializer,0.0026067982155614637
zcat5,tpe,wa_alpha,0.0014154311743448636
zcat5,tpe,gaussian_sigma,0.0008837356291815656
zcat5,tpe,archive_unbounded,0.0005476078122463956
zcat5,tpe,levy_scale,0.000422028848719658
zcat5,tpe,scatter_base_size_factor,0.00028807225626198386
zcat5,tpe,pcx_sigma_zeta,1.0570028263494615e-06
zcat6,tpe,blxab_alpha,0.23249689181782082
zcat6,tpe,pcx_sigma_zeta,0.21338788061481878
zcat6,tpe,scatter_base_size_factor,0.144930879478578
zcat6,tpe,wa_alpha,0.07855798569359579
zcat6,tpe,crossover_prob,0.062177817401035146
zcat6,tpe,nonuniform_perturbation,0.052053814903753395
zcat6,tpe,uniform_perturb,0.04549462479492246
zcat6,tpe,undx_zeta,0.0336809932053638
zcat6,tpe,laplace_b,0.03366717057810399
zcat6,tpe,archive_prune_policy,0.017321592176074346
zcat6,tpe,repair,0.016851026502055378
zcat6,tpe,crossover_alpha,0.01618079939983747
zcat6,tpe,levy_scale,0.009943927872600572
zcat6,tpe,undx_eta,0.00885772424977241
zcat6,tpe,gaussian_sigma,0.004406510146661047
zcat6,tpe,mutation_eta,0.0037493141855264437
zcat6,tpe,cauchy_gamma,0.0037021819488175624
zcat6,tpe,offspring_ratio,0.003667211165107752
zcat6,tpe,crossover,0.0033473759516478765
zcat6,tpe,mutation,0.003021571282836476
zcat6,tpe,fuzzy_d,0.0021739873163679714
zcat6,tpe,use_external_archive,0.0021567874625087954
zcat6,tpe,pcx_sigma_eta,0.0015952027634614098
zcat6,tpe,levy_beta,0.0012886247729803977
zcat6,tpe,blxab_beta,0.0012545721808802715
zcat6,tpe,simplex_epsilon,0.0012066655149706302
zcat6,tpe,selection,0.0009694214625383671
zcat6,tpe,power_index,0.0005656633729403175
zcat6,tpe,mutation_prob_factor,0.00041642035069259896
zcat6,tpe,laplace_a,0.0004159886718719168
zcat6,tpe,initializer,0.00014641112846287493
zcat6,tpe,selection_size,0.00011342024917511845
zcat6,tpe,crossover_eta,0.00010920170861747332
zcat6,tpe,archive_unbounded,5.824939155988295e-05
zcat6,tpe,pop_size,3.209028404271607e-05
zcat6,cmaes,laplace_b,0.17537847922291572
zcat6,cmaes,levy_beta,0.1703209596016693
zcat6,cmaes,pcx_sigma_zeta,0.10844215876676441
zcat6,cmaes,repair,0.09342177464510916
zcat6,cmaes,crossover_prob,0.09117999221455553
zcat6,cmaes,selection_size,0.061238658823849886
zcat6,cmaes,initializer,0.044060623445869015
zcat6,cmaes,undx_eta,0.04229175925177472
zcat6,cmaes,pcx_sigma_eta,0.03112600638025164
zcat6,cmaes,crossover,0.03101415234847281
zcat6,cmaes,crossover_alpha,0.030408750285061875
zcat6,cmaes,uniform_perturb,0.029246329504800696
zcat6,cmaes,undx_zeta,0.01828360427521183
zcat6,cmaes,selection,0.016674881116557707
zcat6,cmaes,offspring_ratio,0.015491480246926615
zcat6,cmaes,simplex_epsilon,0.014612707218132617
zcat6,cmaes,crossover_eta,0.013166830630563885
zcat6,cmaes,nonuniform_perturbation,0.0026788073564111624
zcat6,cmaes,cauchy_gamma,0.002287719722082958
zcat6,cmaes,fuzzy_d,0.0016973415231131249
zcat6,cmaes,laplace_a,0.001595645622304444
zcat6,cmaes,blxab_alpha,0.0010306307248283359
zcat6,cmaes,scatter_base_size_factor,0.001026676876793173
zcat6,cmaes,archive_unbounded,0.0009808130982753734
zcat6,cmaes,power_index,0.0005105486453013411
zcat6,cmaes,wa_alpha,0.0004101122340276706
zcat6,cmaes,mutation_prob_factor,0.00037160923117413307
zcat6,cmaes,pop_size,0.00035850677556228234
zcat6,cmaes,archive_prune_policy,0.0003356294686304806
zcat6,cmaes,levy_scale,0.00020766461842743723
zcat6,cmaes,mutation_eta,5.541626858593379e-05
zcat6,cmaes,blxab_beta,4.4461059413336515e-05
zcat6,cmaes,mutation,2.7828369479218422e-05
zcat6,cmaes,gaussian_sigma,2.0619705614984533e-05
zcat6,cmaes,use_external_archive,8.207214874359221e-07
zcat7,gp,pcx_sigma_eta,0.2870054766204326
zcat7,gp,blxab_alpha,0.16350858700920035
zcat7,gp,crossover_eta,0.0944065130794746
zcat7,gp,undx_zeta,0.07948058693139223
zcat7,gp,scatter_base_size_factor,0.06847852853781002
zcat7,gp,simplex_epsilon,0.06111232994286307
zcat7,gp,nonuniform_perturbation,0.04974010949689699
zcat7,gp,crossover_prob,0.021196232340700647
zcat7,gp,mutation_eta,0.019796636643397078
zcat7,gp,crossover,0.01913011522672296
zcat7,gp,undx_eta,0.01505584641022817
zcat7,gp,levy_scale,0.01414151666716583
zcat7,gp,initializer,0.013641045508853275
zcat7,gp,blxab_beta,0.012787643239819622
zcat7,gp,mutation,0.012061181084909117
zcat7,gp,archive_prune_policy,0.01183907007959668
zcat7,gp,use_external_archive,0.010350033154036422
zcat7,gp,repair,0.009724741873526914
zcat7,gp,cauchy_gamma,0.00836930361120086
zcat7,gp,power_index,0.008180175091414964
zcat7,gp,wa_alpha,0.0037511819446163237
zcat7,gp,laplace_b,0.0035672365081190534
zcat7,gp,crossover_alpha,0.0035635481599595796
zcat7,gp,gaussian_sigma,0.002745516518872197
zcat7,gp,uniform_perturb,0.0017164920909216827
zcat7,gp,levy_beta,0.001283724953897244
zcat7,gp,laplace_a,0.0008660756432446839
zcat7,gp,selection_size,0.0005476683083436057
zcat7,gp,mutation_prob_factor,0.0005039075207558283
zcat7,gp,pop_size,0.0004966509926324726
zcat7,gp,fuzzy_d,0.0003456046146074283
zcat7,gp,offspring_ratio,0.00021850098036613625
zcat7,gp,pcx_sigma_zeta,0.00014015384328787381
zcat7,gp,selection,0.000124888713112697
zcat7,gp,archive_unbounded,0.00012317665762117132
zcat7,tpe,power_index,0.5208261885882044
zcat7,tpe,laplace_b,0.07523841880873638
zcat7,tpe,undx_zeta,0.0714556553611242
zcat7,tpe,simplex_epsilon,0.06454627012512913
zcat7,tpe,gaussian_sigma,0.04911418160390077
zcat7,tpe,crossover,0.04819626796631531
zcat7,tpe,crossover_eta,0.03160626943925464
zcat7,tpe,crossover_prob,0.017712937277022885
zcat7,tpe,levy_scale,0.017434553048460297
zcat7,tpe,laplace_a,0.01551951646601235
zcat7,tpe,initializer,0.015459912650554608
zcat7,tpe,pop_size,0.012381493504800613
zcat7,tpe,fuzzy_d,0.01105393479707104
zcat7,tpe,selection_size,0.009534496621708787
zcat7,tpe,cauchy_gamma,0.005241137842492331
zcat7,tpe,wa_alpha,0.004744044298137523
zcat7,tpe,selection,0.0035827369053106207
zcat7,tpe,undx_eta,0.0026708744902316853
zcat7,tpe,offspring_ratio,0.002638614058627061
zcat7,tpe,archive_unbounded,0.002581612082222752
zcat7,tpe,levy_beta,0.002530318708678164
zcat7,tpe,blxab_alpha,0.0021021051665235883
zcat7,tpe,repair,0.0019771976934041782
zcat7,tpe,crossover_alpha,0.0018306698484387908
zcat7,tpe,mutation,0.0018114793897006094
zcat7,tpe,mutation_eta,0.0017634603946445014
zcat7,tpe,pcx_sigma_eta,0.001519103126591098
zcat7,tpe,blxab_beta,0.0011972143851983878
zcat7,tpe,uniform_perturb,0.0011639235253400485
zcat7,tpe,scatter_base_size_factor,0.0009664460172851683
zcat7,tpe,mutation_prob_factor,0.0008062647963292074
zcat7,tpe,archive_prune_policy,0.0004709005345400825
zcat7,tpe,pcx_sigma_zeta,0.00017942012164366876
zcat7,tpe,use_external_archive,0.00010356293202917776
zcat7,tpe,nonuniform_perturbation,3.8817424335902494e-05
zcat8,gp,wa_alpha,0.3368075188362431
zcat8,gp,levy_beta,0.08857578689868986
zcat8,gp,levy_scale,0.07722223016967038
zcat8,gp,undx_zeta,0.06770405277977147
zcat8,gp,blxab_alpha,0.05476834231633233
zcat8,gp,repair,0.05120190726805744
zcat8,gp,crossover_alpha,0.03786031430312765
zcat8,gp,undx_eta,0.03170337664700234
zcat8,gp,pcx_sigma_zeta,0.030679468182452513
zcat8,gp,laplace_a,0.03032000670911045
zcat8,gp,crossover_prob,0.02214748448211396
zcat8,gp,offspring_ratio,0.021069581070144224
zcat8,gp,gaussian_sigma,0.01740924856362175
zcat8,gp,mutation,0.01641253248132263
zcat8,gp,uniform_perturb,0.015895296897139734
zcat8,gp,use_external_archive,0.015219212036606996
zcat8,gp,power_index,0.013496368012347904
zcat8,gp,archive_unbounded,0.009924449920798415
zcat8,gp,pop_size,0.009698078410533193
zcat8,gp,selection,0.009016753535083029
zcat8,gp,nonuniform_perturbation,0.008065686157655646
zcat8,gp,pcx_sigma_eta,0.005407583442963319
zcat8,gp,cauchy_gamma,0.005313329371389828
zcat8,gp,mutation_prob_factor,0.004885025999047078
zcat8,gp,fuzzy_d,0.004743385884511588
zcat8,gp,selection_size,0.0033878331025682423
zcat8,gp,simplex_epsilon,0.003162786210051184
zcat8,gp,archive_prune_policy,0.0019821955134445707
zcat8,gp,mutation_eta,0.0015111388702846592
zcat8,gp,crossover,0.00111090504544668
zcat8,gp,laplace_b,0.0010504997385327917
zcat8,gp,initializer,0.0010051277303123965
zcat8,gp,crossover_eta,0.0007145407956162032
zcat8,gp,scatter_base_size_factor,0.0005224153624723145
zcat8,gp,blxab_beta,5.537255534374405e-06
zcat8,tpe,blxab_alpha,0.39900848882929185
zcat8,tpe,repair,0.23825924476843732
zcat8,tpe,uniform_perturb,0.060360557941666074
zcat8,tpe,crossover_alpha,0.053648102360576225
zcat8,tpe,undx_zeta,0.040186122213509375
zcat8,tpe,laplace_a,0.025809541520865367
zcat8,tpe,mutation,0.025146093715148653
zcat8,tpe,mutation_prob_factor,0.021065617533696245
zcat8,tpe,gaussian_sigma,0.015881776018116175
zcat8,tpe,scatter_base_size_factor,0.015762259500057146
zcat8,tpe,laplace_b,0.013700576044593384
zcat8,tpe,nonuniform_perturbation,0.011641621660950318
zcat8,tpe,wa_alpha,0.01098526513683042
zcat8,tpe,selection_size,0.010481537550964886
zcat8,tpe,initializer,0.010336587759049847
zcat8,tpe,mutation_eta,0.006414199234906976
zcat8,tpe,blxab_beta,0.006401705198052589
zcat8,tpe,levy_beta,0.006328665272974295
zcat8,tpe,power_index,0.00523099350926852
zcat8,tpe,pcx_sigma_zeta,0.004998505797000912
zcat8,tpe,crossover_prob,0.003788863882670143
zcat8,tpe,offspring_ratio,0.0037532723458716037
zcat8,tpe,pop_size,0.0026722403726034383
zcat8,tpe,fuzzy_d,0.0025655289260133126
zcat8,tpe,selection,0.002263108191263102
zcat8,tpe,crossover,0.001402388770996858
zcat8,tpe,archive_prune_policy,0.0007499282349316933
zcat8,tpe,undx_eta,0.00044702020057137197
zcat8,tpe,simplex_epsilon,0.00018783924879682407
zcat8,tpe,cauchy_gamma,0.00015872300934646722
zcat8,tpe,pcx_sigma_eta,0.00014690252258255335
zcat8,tpe,levy_scale,8.40793940490358e-05
zcat8,tpe,crossover_eta,7.815139313824993e-05
zcat8,tpe,use_external_archive,4.4760494195667216e-05
zcat8,tpe,archive_unbounded,9.7314470131527e-06
zcat9,nsgaii,simplex_epsilon,0.3024349146799124
zcat9,nsgaii,repair,0.10157515315927262
zcat9,nsgaii,crossover,0.08263027548241096
zcat9,nsgaii,blxab_alpha,0.06560426331553786
zcat9,nsgaii,initializer,0.06062307225306534
zcat9,nsgaii,fuzzy_d,0.057736200321330755
zcat9,nsgaii,crossover_alpha,0.05113134543998126
zcat9,nsgaii,mutation_eta,0.044064983335594436
zcat9,nsgaii,uniform_perturb,0.03476521439720079
zcat9,nsgaii,levy_scale,0.03108108588956787
zcat9,nsgaii,undx_eta,0.02374722746617709
zcat9,nsgaii,crossover_prob,0.017407211728780996
zcat9,nsgaii,gaussian_sigma,0.01590074868186018
zcat9,nsgaii,pcx_sigma_zeta,0.01586045911026236
zcat9,nsgaii,nonuniform_perturbation,0.012995489897632816
zcat9,nsgaii,mutation_prob_factor,0.012585190362553074
zcat9,nsgaii,offspring_ratio,0.011488815217120233
zcat9,nsgaii,pcx_sigma_eta,0.00966748317872789
zcat9,nsgaii,laplace_a,0.007425415299957
zcat9,nsgaii,use_external_archive,0.006684917798879998
zcat9,nsgaii,undx_zeta,0.005653230173141054
zcat9,nsgaii,pop_size,0.0045359959822755865
zcat9,nsgaii,blxab_beta,0.003618229034037316
zcat9,nsgaii,archive_prune_policy,0.0034555368132958416
zcat9,nsgaii,levy_beta,0.003301216435484656
zcat9,nsgaii,power_index,0.0030384438511406944
zcat9,nsgaii,selection_size,0.0029991386688600985
zcat9,nsgaii,mutation,0.0022069269157072584
zcat9,nsgaii,cauchy_gamma,0.0020356347704861134
zcat9,nsgaii,scatter_base_size_factor,0.001425363781045821
zcat9,nsgaii,wa_alpha,0.0013926769492322126
zcat9,nsgaii,crossover_eta,0.0007153872183680401
zcat9,nsgaii,laplace_b,8.129731717744283e-05
zcat9,nsgaii,selection,6.776152088833627e-05
zcat9,nsgaii,archive_unbounded,6.369355303329524e-05
zcat9,cmaes,pcx_sigma_eta,0.19478264302557932
zcat9,cmaes,pop_size,0.1625905238177642
zcat9,cmaes,cauchy_gamma,0.08553359936590176
zcat9,cmaes,simplex_epsilon,0.06469230062669507
zcat9,cmaes,mutation_eta,0.0576134327498481
zcat9,cmaes,gaussian_sigma,0.048085271358722294
zcat9,cmaes,blxab_alpha,0.04766616827046705
zcat9,cmaes,wa_alpha,0.045439137498246705
zcat9,cmaes,selection,0.03120774646764793
zcat9,cmaes,pcx_sigma_zeta,0.03069309396764862
zcat9,cmaes,laplace_b,0.025438408798852143
zcat9,cmaes,uniform_perturb,0.02037038759824781
zcat9,cmaes,laplace_a,0.018933606246563633
zcat9,cmaes,initializer,0.017299597932083424
zcat9,cmaes,crossover,0.017120554633198976
zcat9,cmaes,crossover_alpha,0.01671240614461243
zcat9,cmaes,archive_prune_policy,0.015931070193395774
zcat9,cmaes,crossover_eta,0.013349453725036
zcat9,cmaes,repair,0.012177974014423625
zcat9,cmaes,selection_size,0.011801817888432537
zcat9,cmaes,levy_scale,0.010873914753966462
zcat9,cmaes,scatter_base_size_factor,0.010864954111382347
zcat9,cmaes,mutation_prob_factor,0.009148961746674608
zcat9,cmaes,levy_beta,0.008947808098632331
zcat9,cmaes,blxab_beta,0.005601769896470679
zcat9,cmaes,mutation,0.005475643952010136
zcat9,cmaes,fuzzy_d,0.0038023727953684786
zcat9,cmaes,power_index,0.002435133822524305
zcat9,cmaes,crossover_prob,0.0014080303207412493
zcat9,cmaes,nonuniform_perturbation,0.0013390610787601322
zcat9,cmaes,offspring_ratio,0.0009740150259503242
zcat9,cmaes,undx_eta,0.0008705243418280428
zcat9,cmaes,undx_zeta,0.0007988613753540048
zcat9,cmaes,archive_unbounded,1.5026737313518799e-05
zcat9,cmaes,use_external_archive,4.727619655850607e-06
